,ts_code,trade_date,open,high,low,close,pre_close,change,pct_chg,vol,amount
0,000848.SZ,2019-01-02,6.8226,6.8479,6.7212,6.8226,6.7888,0.0338,0.4979,41247.0600,33111.8470
1,000848.SZ,2019-01-03,6.7635,6.8395,6.6621,6.6790,6.8226,-0.1436,-2.1048,40544.6400,32429.9890
2,000848.SZ,2019-01-04,6.6537,6.7381,6.0120,6.6706,6.6790,-0.0084,-0.1258,65003.7100,50797.9670
3,000848.SZ,2019-01-07,6.7044,6.7297,6.6199,6.6790,6.6706,0.0084,0.1259,57989.9900,45751.9550
4,000848.SZ,2019-01-08,6.6790,6.7212,6.6537,6.7128,6.6790,0.0338,0.5061,31820.5700,25238.7150
5,000848.SZ,2019-01-09,6.7128,6.8395,6.6621,6.7550,6.7128,0.0422,0.6286,71659.5600,57375.1760
6,000848.SZ,2019-01-10,6.7381,6.7381,6.5861,6.6199,6.7550,-0.1351,-2.0000,44316.8400,34863.1260
7,000848.SZ,2019-01-11,6.6199,6.6621,6.5608,6.6115,6.6199,-0.0084,-0.1269,24531.7300,19165.3500
8,000848.SZ,2019-01-14,6.6284,6.6284,6.5355,6.5693,6.6115,-0.0422,-0.6383,28247.0600,22001.5930
9,000848.SZ,2019-01-15,6.5861,6.7128,6.5524,6.7128,6.5693,0.1435,2.1844,49136.9700,38619.3620
10,000848.SZ,2019-01-16,6.6875,6.7128,6.6368,6.6452,6.7128,-0.0676,-1.0070,33670.3200,26584.3290
11,000848.SZ,2019-01-17,6.6621,6.6959,6.5946,6.6030,6.6452,-0.0422,-0.6350,29203.6900,22946.4100
12,000848.SZ,2019-01-18,6.6199,6.7128,6.5946,6.6959,6.6030,0.0929,1.4069,30167.5900,23839.3140
13,000848.SZ,2019-01-21,6.7044,6.8648,6.7044,6.8479,6.6959,0.1520,2.2700,89681.9000,72423.0040
14,000848.SZ,2019-01-22,6.8226,6.8310,6.7128,6.7466,6.8479,-0.1013,-1.4793,32286.8200,25835.8660
15,000848.SZ,2019-01-23,6.7466,6.7972,6.6959,6.7466,6.7466,0.0000,0.0000,28370.7800,22670.9230
16,000848.SZ,2019-01-24,6.7128,6.7803,6.6959,6.7466,6.7466,0.0000,0.0000,35925.7200,28675.2320
17,000848.SZ,2019-01-25,6.7972,6.7972,6.7212,6.7466,6.7466,0.0000,0.0000,36093.7200,28862.0130
18,000848.SZ,2019-01-28,6.7635,6.8057,6.6452,6.6621,6.7466,-0.0845,-1.2525,54138.6900,43070.8980
19,000848.SZ,2019-01-29,6.6284,6.6452,6.5355,6.5777,6.6621,-0.0844,-1.2669,54267.7700,42269.3910
20,000848.SZ,2019-01-30,6.5186,6.6030,6.5186,6.5524,6.5777,-0.0253,-0.3846,25306.1000,19665.6890
21,000848.SZ,2019-01-31,6.5524,6.5946,6.5101,6.5524,6.5524,0.0000,0.0000,38085.5500,29541.3700
22,000848.SZ,2019-02-01,6.5608,6.6284,6.5186,6.6115,6.5524,0.0591,0.9020,40717.6600,31792.1650
23,000848.SZ,2019-02-11,6.6199,6.7635,6.6115,6.7297,6.6115,0.1182,1.7878,47771.5300,37972.5660
24,000848.SZ,2019-02-12,6.7466,6.8732,6.7212,6.8479,6.7297,0.1182,1.7564,67027.5000,54158.9410
25,000848.SZ,2019-02-13,6.8226,6.9408,6.7888,6.9154,6.8479,0.0675,0.9857,72673.7900,59189.7470
26,000848.SZ,2019-02-14,6.9323,7.2025,6.8986,7.1434,6.9154,0.2280,3.2970,111406.1100,92834.6190
27,000848.SZ,2019-02-15,7.1012,7.1181,6.9830,7.0083,7.1434,-0.1351,-1.8913,64382.9700,53688.1070
28,000848.SZ,2019-02-18,7.0083,7.2448,7.0083,7.2363,7.0083,0.2280,3.2533,67194.9200,57102.2900
29,000848.SZ,2019-02-19,7.2363,7.3376,7.0674,7.1265,7.2363,-0.1098,-1.5174,63701.0300,54080.4450
30,000848.SZ,2019-02-20,7.1265,7.2194,7.0505,7.1350,7.1265,0.0085,0.1193,41939.7400,35369.6950
31,000848.SZ,2019-02-21,7.1181,7.2532,7.0674,7.1265,7.1350,-0.0085,-0.1191,54287.9000,46082.9540
32,000848.SZ,2019-02-22,7.1603,7.2532,7.0928,7.1772,7.1265,0.0507,0.7114,47646.5300,40419.4630
33,000848.SZ,2019-02-25,7.1941,7.4727,7.1519,7.4390,7.1772,0.2618,3.6477,114821.4100,99880.3840
34,000848.SZ,2019-02-26,7.4643,7.4896,7.3207,7.3630,7.4390,-0.0760,-1.0216,98944.0000,86944.0680
35,000848.SZ,2019-02-27,7.3630,7.6332,7.2870,7.3967,7.3630,0.0337,0.4577,110534.5600,97496.8650
36,000848.SZ,2019-02-28,7.4136,7.4305,7.2532,7.3039,7.3967,-0.0928,-1.2546,84210.9900,73124.1240
37,000848.SZ,2019-03-01,7.3292,7.3967,7.2448,7.3799,7.3039,0.0760,1.0405,88462.2400,76647.0710
38,000848.SZ,2019-03-04,7.4221,7.5487,7.3292,7.3461,7.3799,-0.0338,-0.4580,146493.8200,129074.3080
39,000848.SZ,2019-03-05,7.3461,7.4558,7.3039,7.4305,7.3461,0.0844,1.1489,110390.3200,96427.4010
40,000848.SZ,2019-03-06,7.4221,7.5318,7.3714,7.5150,7.4305,0.0845,1.1372,130912.0200,115646.4890
41,000848.SZ,2019-03-07,7.5150,7.6669,7.4305,7.5741,7.5150,0.0591,0.7864,150067.4200,133885.3180
42,000848.SZ,2019-03-08,7.4812,7.8780,7.4305,7.6585,7.5741,0.0844,1.1143,262720.4500,237815.5130
43,000848.SZ,2019-03-11,7.6585,8.0385,7.6247,7.9963,7.6585,0.3378,4.4108,167119.7100,154299.9850
44,000848.SZ,2019-03-12,8.0047,8.0216,7.7683,7.8527,7.9963,-0.1436,-1.7958,157288.0100,146678.8230
45,000848.SZ,2019-03-13,7.8527,7.9203,7.7683,7.8020,7.8527,-0.0507,-0.6456,121865.8400,113146.3430
46,000848.SZ,2019-03-14,7.7936,7.8527,7.6247,7.7007,7.8020,-0.1013,-1.2984,91854.2300,83805.5620
47,000848.SZ,2019-03-15,7.7345,7.8020,7.6332,7.7092,7.7007,0.0085,0.1104,82678.0300,75623.1220
48,000848.SZ,2019-03-18,7.6332,7.8865,7.4981,7.8274,7.7092,0.1182,1.5332,141034.9500,129404.9860
49,000848.SZ,2019-03-19,7.8020,7.8780,7.6923,7.7429,7.8274,-0.0845,-1.0795,114867.3600,105491.2730
50,000848.SZ,2019-03-20,7.7260,7.8611,7.6585,7.8274,7.7429,0.0845,1.0913,155821.4800,143937.6510
51,000848.SZ,2019-03-21,7.8780,7.8780,7.7345,7.7767,7.8274,-0.0507,-0.6477,102050.7600,93997.8810
52,000848.SZ,2019-03-22,7.7598,7.8358,7.6838,7.8189,7.7767,0.0422,0.5426,86827.8100,79915.8630
53,000848.SZ,2019-03-25,7.7007,7.7767,7.6332,7.6585,7.8189,-0.1604,-2.0514,76686.9600,69987.1900
54,000848.SZ,2019-03-26,7.7007,7.7429,7.4812,7.5487,7.6585,-0.1098,-1.4337,99993.6900,89724.4720
55,000848.SZ,2019-03-27,7.5572,7.5994,7.4221,7.4896,7.5487,-0.0591,-0.7829,62225.6600,55136.5150
56,000848.SZ,2019-03-28,7.4981,7.6247,7.4136,7.4390,7.4896,-0.0506,-0.6756,75917.0000,67412.0800
57,000848.SZ,2019-03-29,7.4727,7.6501,7.4305,7.6163,7.4390,0.1773,2.3834,84000.4400,75206.7930
58,000848.SZ,2019-04-01,7.6838,7.8105,7.6669,7.7683,7.6163,0.1520,1.9957,127852.2900,117472.3820
59,000848.SZ,2019-04-02,7.7852,7.8865,7.7345,7.8105,7.7683,0.0422,0.5432,100695.5700,93144.0180
60,000848.SZ,2019-04-03,7.7936,7.9456,7.7683,7.8949,7.8105,0.0844,1.0806,108065.5900,100738.9140
61,000848.SZ,2019-04-04,7.9371,7.9540,7.7936,7.8358,7.8949,-0.0591,-0.7486,91517.6900,85229.3750
62,000848.SZ,2019-04-08,7.8611,7.9794,7.7176,7.7514,7.8358,-0.0844,-1.0771,115177.4700,107072.3040
63,000848.SZ,2019-04-09,7.7683,7.9203,7.7429,7.8949,7.7514,0.1435,1.8513,102979.9300,95846.6890
64,000848.SZ,2019-04-10,7.8696,8.3424,7.8105,8.2073,7.8949,0.3124,3.9570,175810.6400,168817.8850
65,000848.SZ,2019-04-11,8.1820,8.1905,7.8443,7.8443,8.2073,-0.3630,-4.4229,113144.5300,107059.3460
66,000848.SZ,2019-04-12,7.8020,7.8358,7.6585,7.7598,7.8443,-0.0845,-1.0772,62919.2500,57833.6120
67,000848.SZ,2019-04-15,7.9963,7.9963,7.6501,7.6754,7.7598,-0.0844,-1.0877,82905.2000,76571.5170
68,000848.SZ,2019-04-16,7.6754,7.7936,7.5994,7.7852,7.6754,0.1098,1.4305,73972.6200,67525.6740
69,000848.SZ,2019-04-17,7.7936,7.8358,7.7176,7.8020,7.7852,0.0168,0.2158,63250.7000,58325.7830
70,000848.SZ,2019-04-18,7.8020,7.8358,7.7429,7.7936,7.8020,-0.0084,-0.1077,43616.8300,40223.9390
71,000848.SZ,2019-04-19,7.7260,7.8020,7.7007,7.7936,7.7936,0.0000,0.0000,68808.1900,63204.2020
72,000848.SZ,2019-04-22,7.8464,7.8817,7.7052,7.7229,7.7935,-0.0706,-0.9059,81563.5100,71960.7120
73,000848.SZ,2019-04-23,7.7229,7.8023,7.6346,7.7405,7.7229,0.0176,0.2279,69825.6400,61268.8150
74,000848.SZ,2019-04-24,7.7670,7.7670,7.5199,7.6169,7.7405,-0.1236,-1.5968,85518.8900,73590.2600
75,000848.SZ,2019-04-25,7.6081,7.7493,7.4757,7.5022,7.6169,-0.1147,-1.5059,101325.9200,87294.6080
76,000848.SZ,2019-04-26,7.5110,7.5640,7.3257,7.3257,7.5022,-0.1765,-2.3526,62167.9100,52239.6770
77,000848.SZ,2019-04-29,7.3345,7.5375,7.2198,7.3610,7.3257,0.0353,0.4819,104760.4300,88274.2890
78,000848.SZ,2019-04-30,7.3169,7.5905,7.2727,7.4846,7.3610,0.1236,1.6791,81706.2900,69377.2100
79,000848.SZ,2019-05-06,7.5728,8.0583,7.5022,7.7229,7.4846,0.2383,3.1839,301461.7700,264947.8690
80,000848.SZ,2019-05-07,7.7229,8.3848,7.6787,8.3142,7.7229,0.5913,7.6565,425504.3800,392114.6740
81,000848.SZ,2019-05-08,8.0671,8.2701,7.9435,8.0229,8.3142,-0.2913,-3.5036,294921.1100,270595.4720
82,000848.SZ,2019-05-09,7.8817,7.8994,7.2816,7.4581,8.0229,-0.5648,-7.0398,254740.4500,217639.8250
83,000848.SZ,2019-05-10,7.4316,7.6611,7.3169,7.6258,7.4581,0.1677,2.2486,201907.8300,171916.3180
84,000848.SZ,2019-05-13,7.5022,7.5199,7.3875,7.4493,7.6258,-0.1765,-2.3145,113422.9100,95729.0210
85,000848.SZ,2019-05-14,7.3345,7.4493,7.2904,7.3080,7.4493,-0.1413,-1.8968,112698.7600,93970.1410
86,000848.SZ,2019-05-15,7.3257,7.9259,7.3257,7.7935,7.3080,0.4855,6.6434,244334.8700,211023.5870
87,000848.SZ,2019-05-16,7.7582,8.1642,7.7229,8.0759,7.7935,0.2824,3.6235,287103.0300,258997.8350
88,000848.SZ,2019-05-17,7.9965,8.1642,7.8553,7.8817,8.0759,-0.1942,-2.4047,228226.8100,206464.7590
89,000848.SZ,2019-05-20,7.9259,7.9700,7.4934,7.7052,7.8817,-0.1765,-2.2394,168772.6300,147460.1960
90,000848.SZ,2019-05-21,7.7758,8.1995,7.6523,8.1818,7.7052,0.4766,6.1854,259891.5100,234547.6650
91,000848.SZ,2019-05-22,8.0759,8.1995,7.9523,7.9876,8.1818,-0.1942,-2.3736,186255.3600,169912.2350
92,000848.SZ,2019-05-23,7.9435,7.9876,7.7405,7.9788,7.9876,-0.0088,-0.1102,145633.1500,129655.1890
93,000848.SZ,2019-05-24,7.8994,8.0229,7.5993,7.6964,7.9788,-0.2824,-3.5394,159164.1000,139972.0140
94,000848.SZ,2019-05-27,7.6346,7.8906,7.4669,7.8729,7.6964,0.1765,2.2933,184603.8800,160597.0110
95,000848.SZ,2019-05-28,7.8111,7.8994,7.6876,7.7052,7.8729,-0.1677,-2.1301,149129.5500,131698.9540
96,000848.SZ,2019-05-29,7.6787,7.7582,7.5640,7.6523,7.7052,-0.0529,-0.6865,105049.2600,91150.7650
97,000848.SZ,2019-05-30,7.6081,7.6876,7.5022,7.5993,7.6523,-0.0530,-0.6926,100389.1800,86236.5150
98,000848.SZ,2019-05-31,7.5905,7.6081,7.4228,7.4846,7.5993,-0.1147,-1.5093,96947.9100,82551.0340
99,000848.SZ,2019-06-03,7.5110,7.7140,7.4581,7.6523,7.4846,0.1677,2.2406,132582.7400,113711.7710
100,000848.SZ,2019-06-04,7.6169,7.6523,7.3522,7.3610,7.6523,-0.2913,-3.8067,123970.4700,104880.2490
101,000848.SZ,2019-06-05,7.4316,7.4757,7.3433,7.3698,7.3610,0.0088,0.1195,78612.7400,65962.5980
102,000848.SZ,2019-06-06,7.3698,7.4228,7.2374,7.3786,7.3698,0.0088,0.1194,91198.0900,75726.5490
103,000848.SZ,2019-06-10,7.4228,7.4757,7.3257,7.4228,7.3786,0.0442,0.5990,64145.7400,53878.4060
104,000848.SZ,2019-06-11,7.4493,7.6787,7.4316,7.6611,7.4228,0.2383,3.2104,172372.6300,148294.7060
105,000848.SZ,2019-06-12,7.5728,7.6434,7.4757,7.5287,7.6611,-0.1324,-1.7282,124143.1800,106321.4330
106,000848.SZ,2019-06-13,7.5463,7.5463,7.3257,7.4228,7.5287,-0.1059,-1.4066,108726.1300,91251.0320
107,000848.SZ,2019-06-14,7.3963,7.4581,7.3433,7.3698,7.4228,-0.0530,-0.7140,70093.5000,58722.9220
108,000848.SZ,2019-06-17,7.3698,7.4404,7.3345,7.4404,7.3698,0.0706,0.9580,42750.3000,35797.6940
109,000848.SZ,2019-06-18,7.4316,7.4404,7.3345,7.3875,7.4404,-0.0529,-0.7110,55624.7400,46481.5600
110,000848.SZ,2019-06-19,7.4757,7.5463,7.4316,7.4404,7.3875,0.0529,0.7161,93592.3300,79309.9890
111,000848.SZ,2019-06-20,7.4228,7.5993,7.3963,7.5199,7.4404,0.0795,1.0685,134328.3400,114307.1880
112,000848.SZ,2019-06-21,7.5199,7.6169,7.5110,7.5287,7.5199,0.0088,0.1170,118363.8300,101387.4740
113,000848.SZ,2019-06-24,7.5287,7.5287,7.4139,7.4669,7.5287,-0.0618,-0.8209,80973.2200,68451.5870
114,000848.SZ,2019-06-25,7.4669,7.4757,7.3522,7.4493,7.4669,-0.0176,-0.2357,86189.2700,72352.7160
115,000848.SZ,2019-06-26,7.4228,7.4846,7.3698,7.4316,7.4493,-0.0177,-0.2376,55041.6100,46408.2770
116,000848.SZ,2019-06-27,7.4228,7.5287,7.4139,7.4581,7.4316,0.0265,0.3566,71093.6200,60082.5760
117,000848.SZ,2019-06-28,7.4581,7.4669,7.3433,7.3522,7.4581,-0.1059,-1.4199,70745.0500,59217.6880
118,000848.SZ,2019-07-01,7.4493,7.5993,7.4051,7.5993,7.3522,0.2471,3.3609,180865.3500,154167.4460
119,000848.SZ,2019-07-02,7.5993,7.7140,7.5463,7.5993,7.5993,0.0000,0.0000,149577.5600,129061.4510
120,000848.SZ,2019-07-03,7.5552,8.1024,7.5287,7.8288,7.5993,0.2295,3.0200,349688.0500,310055.5320
121,000848.SZ,2019-07-04,7.7582,7.7935,7.5552,7.5993,7.8288,-0.2295,-2.9315,184379.3500,160005.0110
122,000848.SZ,2019-07-05,7.5993,7.6258,7.4669,7.5375,7.5993,-0.0618,-0.8132,143003.8000,121894.0420
123,000848.SZ,2019-07-08,7.5199,7.5199,7.3257,7.3522,7.5375,-0.1853,-2.4584,118939.5500,99627.3290
124,000848.SZ,2019-07-09,7.3345,7.4228,7.3257,7.4051,7.3522,0.0529,0.7195,69681.2100,58227.7820
125,000848.SZ,2019-07-10,7.4228,7.4228,7.2727,7.2816,7.4051,-0.1235,-1.6678,81548.7300,67799.9200
126,000848.SZ,2019-07-11,7.3080,7.3698,7.2021,7.2198,7.2816,-0.0618,-0.8487,79745.5400,65755.7300
127,000848.SZ,2019-07-12,7.2198,7.2727,7.1668,7.2374,7.2198,0.0176,0.2438,69748.7500,57057.4360
128,000848.SZ,2019-07-15,7.2021,7.3610,7.1580,7.3169,7.2374,0.0795,1.0985,85256.0000,70282.1090
129,000848.SZ,2019-07-16,7.3080,7.3257,7.2551,7.2816,7.3169,-0.0353,-0.4824,40262.6100,33210.3960
130,000848.SZ,2019-07-17,7.2816,7.2904,7.2198,7.2462,7.2816,-0.0354,-0.4862,41902.9700,34453.4560
131,000848.SZ,2019-07-18,7.2374,7.2374,7.1227,7.1403,7.2462,-0.1059,-1.4615,66667.1500,54076.2510
132,000848.SZ,2019-07-19,7.1403,7.2198,7.0874,7.1050,7.1403,-0.0353,-0.4944,65977.8700,53453.1260
133,000848.SZ,2019-07-22,7.1227,7.1227,6.8579,6.8844,7.1050,-0.2206,-3.1049,90704.1100,71566.8410
134,000848.SZ,2019-07-23,6.9109,6.9903,6.8844,6.9726,6.8844,0.0882,1.2812,50348.2500,39569.1080
135,000848.SZ,2019-07-24,6.9991,7.0962,6.9815,7.0168,6.9726,0.0442,0.6339,71795.8800,57250.6570
136,000848.SZ,2019-07-25,7.0168,7.0521,6.9726,7.0432,7.0168,0.0264,0.3762,39777.1600,31613.8080
137,000848.SZ,2019-07-26,6.9903,7.0609,6.9903,7.0609,7.0432,0.0177,0.2513,30753.8500,24486.6800
138,000848.SZ,2019-07-29,7.0609,7.1403,6.9991,7.1315,7.0609,0.0706,0.9999,45985.0200,36870.1020
139,000848.SZ,2019-07-30,7.1227,7.2109,7.0962,7.1227,7.1315,-0.0088,-0.1234,42973.6600,34867.9070
140,000848.SZ,2019-07-31,7.1580,7.1756,7.0962,7.1403,7.1227,0.0176,0.2471,36008.8600,29112.9770
141,000848.SZ,2019-08-01,7.1139,7.1580,7.0256,7.1403,7.1403,0.0000,0.0000,40792.8200,32816.9230
142,000848.SZ,2019-08-02,7.0697,7.0697,6.9285,7.0079,7.1403,-0.1324,-1.8543,47809.7200,37890.0420
143,000848.SZ,2019-08-05,6.9903,7.0168,6.7961,6.8226,7.0079,-0.1853,-2.6442,63377.5200,49515.2660
144,000848.SZ,2019-08-06,6.7255,6.7961,6.5313,6.5931,6.8226,-0.2295,-3.3638,87729.8600,66088.8320
145,000848.SZ,2019-08-07,6.6196,6.9638,6.6196,6.8844,6.5931,0.2913,4.4183,104280.0600,80752.4300
146,000848.SZ,2019-08-08,6.9462,7.0521,6.8138,6.8667,6.8844,-0.0177,-0.2571,70969.6100,55503.6910
147,000848.SZ,2019-08-09,6.8579,6.8932,6.6637,6.7167,6.8667,-0.1500,-2.1845,61878.8800,47511.5840
148,000848.SZ,2019-08-12,6.7255,6.7873,6.6902,6.7873,6.7167,0.0706,1.0511,48968.4400,37353.3460
149,000848.SZ,2019-08-13,6.7079,6.7520,6.6549,6.6990,6.7873,-0.0883,-1.3010,36215.5300,27475.4360
150,000848.SZ,2019-08-14,6.7432,6.7873,6.6814,6.6990,6.6990,0.0000,0.0000,40288.9100,30728.9810
151,000848.SZ,2019-08-15,6.6019,6.6726,6.5578,6.6637,6.6990,-0.0353,-0.5269,46972.4200,35155.6330
152,000848.SZ,2019-08-16,6.6637,6.8226,6.6372,6.7696,6.6637,0.1059,1.5892,52145.3800,39923.0570
153,000848.SZ,2019-08-19,6.7961,6.8844,6.7343,6.8667,6.7696,0.0971,1.4344,58970.9900,45717.7400
154,000848.SZ,2019-08-20,6.8844,6.9020,6.8138,6.8402,6.8667,-0.0265,-0.3859,48762.6700,37915.5260
155,000848.SZ,2019-08-21,6.8138,6.9109,6.8049,6.8667,6.8402,0.0265,0.3874,35787.8000,27830.5260
156,000848.SZ,2019-08-22,6.8756,6.8844,6.7873,6.8314,6.8667,-0.0353,-0.5141,41557.1100,32124.4040
157,000848.SZ,2019-08-23,6.8491,6.8579,6.7785,6.8049,6.8314,-0.0265,-0.3879,41607.9100,32103.7170
158,000848.SZ,2019-08-26,6.6990,6.7167,6.6549,6.6814,6.8049,-0.1235,-1.8149,55627.4800,42147.2960
159,000848.SZ,2019-08-27,6.7343,6.7873,6.7079,6.7255,6.6814,0.0441,0.6600,67737.8000,51767.8920
160,000848.SZ,2019-08-28,6.7343,6.7608,6.6726,6.6902,6.7255,-0.0353,-0.5249,56262.0000,42777.0330
161,000848.SZ,2019-08-29,6.7167,6.7255,6.6372,6.6814,6.6902,-0.0088,-0.1315,62178.2000,46963.8240
162,000848.SZ,2019-08-30,6.6814,6.7255,6.5931,6.6284,6.6814,-0.0530,-0.7932,70082.5000,52785.3620
163,000848.SZ,2019-09-02,6.6461,6.6902,6.6019,6.6726,6.6284,0.0442,0.6668,105288.1900,79406.1200
164,000848.SZ,2019-09-03,6.6814,6.7520,6.6637,6.7255,6.6726,0.0529,0.7928,80986.5900,61529.5100
165,000848.SZ,2019-09-04,6.7167,6.7608,6.6814,6.7608,6.7255,0.0353,0.5249,73433.1100,55808.3720
166,000848.SZ,2019-09-05,6.7696,6.8756,6.7696,6.8226,6.7608,0.0618,0.9141,122817.3900,94945.7340
167,000848.SZ,2019-09-06,6.8402,6.8402,6.7785,6.8402,6.8226,0.0176,0.2580,65488.0100,50504.3550
168,000848.SZ,2019-09-09,6.8756,6.9020,6.8138,6.8667,6.8402,0.0265,0.3874,90889.6400,70453.1800
169,000848.SZ,2019-09-10,6.8579,6.8756,6.8226,6.8667,6.8667,0.0000,0.0000,65891.5400,51108.6250
170,000848.SZ,2019-09-11,6.9020,6.9109,6.8402,6.8844,6.8667,0.0177,0.2578,87217.3500,67924.6880
171,000848.SZ,2019-09-12,6.8844,6.8932,6.8314,6.8756,6.8844,-0.0088,-0.1278,60186.1000,46752.7460
172,000848.SZ,2019-09-16,6.8756,7.0079,6.8314,6.9726,6.8756,0.0970,1.4108,109066.9100,85693.1150
173,000848.SZ,2019-09-17,6.9550,6.9638,6.8226,6.8402,6.9726,-0.1324,-1.8989,92842.2400,72300.3570
174,000848.SZ,2019-09-18,6.8579,6.9550,6.8402,6.8844,6.8402,0.0442,0.6462,74773.5500,58437.3650
175,000848.SZ,2019-09-19,6.8844,6.9726,6.8491,6.9462,6.8844,0.0618,0.8977,62941.1000,49451.9820
176,000848.SZ,2019-09-20,6.9726,6.9991,6.8844,6.9638,6.9462,0.0176,0.2534,65409.0600,51549.1270
177,000848.SZ,2019-09-23,6.9638,6.9726,6.7608,6.8314,6.9638,-0.1324,-1.9013,65976.1400,51105.0390
178,000848.SZ,2019-09-24,6.8049,6.9462,6.8049,6.9020,6.8314,0.0706,1.0335,73267.7400,57176.3120
179,000848.SZ,2019-09-25,6.8756,6.8756,6.7167,6.7167,6.9020,-0.1853,-2.6847,60486.2700,46404.2630
180,000848.SZ,2019-09-26,6.7343,6.7696,6.6019,6.6196,6.7167,-0.0971,-1.4457,65745.0500,49677.7640
181,000848.SZ,2019-09-27,6.6372,6.6814,6.6108,6.6372,6.6196,0.0176,0.2659,46896.5000,35264.7060
182,000848.SZ,2019-09-30,6.6284,6.6637,6.6019,6.6461,6.6372,0.0089,0.1341,36659.5500,27540.1950
183,000848.SZ,2019-10-08,6.6549,6.6637,6.6019,6.6372,6.6461,-0.0089,-0.1339,52290.2200,39304.6560
184,000848.SZ,2019-10-09,6.6196,6.7167,6.5666,6.7079,6.6372,0.0707,1.0652,45759.6400,34490.3090
185,000848.SZ,2019-10-10,6.6814,6.8226,6.6814,6.8138,6.7079,0.1059,1.5787,62119.8300,47717.7250
186,000848.SZ,2019-10-11,6.8226,6.8314,6.7520,6.7961,6.8138,-0.0177,-0.2598,46920.0500,36093.2130
187,000848.SZ,2019-10-14,6.7961,6.9020,6.7608,6.8756,6.7961,0.0795,1.1698,65042.9000,50470.5020
188,000848.SZ,2019-10-15,6.8491,6.8579,6.7696,6.8049,6.8756,-0.0707,-1.0283,48596.5600,37478.9200
189,000848.SZ,2019-10-16,6.8402,6.8579,6.7608,6.7873,6.8049,-0.0176,-0.2586,29621.7600,22803.6080
190,000848.SZ,2019-10-17,6.7785,6.7785,6.7255,6.7432,6.7873,-0.0441,-0.6497,25749.2100,19687.6700
191,000848.SZ,2019-10-18,6.7432,6.7520,6.6372,6.6461,6.7432,-0.0971,-1.4400,37430.1200,28368.8190
192,000848.SZ,2019-10-21,6.6461,6.7432,6.6196,6.7343,6.6461,0.0882,1.3271,42328.7300,32070.5900
193,000848.SZ,2019-10-22,6.7608,6.7961,6.7079,6.7961,6.7343,0.0618,0.9177,37747.0200,28884.9800
194,000848.SZ,2019-10-23,6.7961,6.8579,6.6990,6.7343,6.7961,-0.0618,-0.9093,47642.8500,36613.2340
195,000848.SZ,2019-10-24,6.7167,6.8049,6.6637,6.7696,6.7343,0.0353,0.5242,41032.2900,31330.5420
196,000848.SZ,2019-10-25,6.7608,6.8049,6.6726,6.7961,6.7696,0.0265,0.3915,49746.0000,38031.5370
197,000848.SZ,2019-10-28,6.7608,6.8226,6.7343,6.8049,6.7961,0.0088,0.1295,81359.6800,62561.6570
198,000848.SZ,2019-10-29,6.7961,6.9462,6.7696,6.8932,6.8049,0.0883,1.2976,141928.7400,110767.7490
199,000848.SZ,2019-10-30,6.8844,6.9638,6.8049,6.9550,6.8932,0.0618,0.8965,90014.6000,70259.7200
200,000848.SZ,2019-10-31,6.9550,7.1050,6.8932,7.0079,6.9550,0.0529,0.7606,152905.4800,121512.6360
201,000848.SZ,2019-11-01,6.9815,6.9991,6.8402,6.9197,7.0079,-0.0882,-1.2586,100346.4700,78780.8760
202,000848.SZ,2019-11-04,6.9197,7.0256,6.9020,6.9550,6.9197,0.0353,0.5101,113057.5800,89130.7080
203,000848.SZ,2019-11-05,6.9462,7.0521,6.8932,6.9903,6.9550,0.0353,0.5075,94932.5400,74961.8700
204,000848.SZ,2019-11-06,6.9726,7.1668,6.9373,7.1227,6.9903,0.1324,1.8941,170546.5100,136974.3980
205,000848.SZ,2019-11-07,7.1050,7.1756,7.0168,7.0786,7.1227,-0.0441,-0.6191,145301.6500,116505.7890
206,000848.SZ,2019-11-08,7.0874,7.2904,7.0697,7.1227,7.0786,0.0441,0.6230,207771.3600,169128.3140
207,000848.SZ,2019-11-11,7.0874,7.0874,6.8402,6.8932,7.1227,-0.2295,-3.2221,137907.7000,108618.5710
208,000848.SZ,2019-11-12,6.8844,6.9462,6.8138,6.9373,6.8932,0.0441,0.6398,81916.6100,63831.1660
209,000848.SZ,2019-11-13,6.9197,6.9285,6.8402,6.9197,6.9373,-0.0176,-0.2537,57110.4700,44548.8700
210,000848.SZ,2019-11-14,6.9197,6.9373,6.8314,6.8579,6.9197,-0.0618,-0.8931,55980.0600,43614.0600
211,000848.SZ,2019-11-15,6.8579,6.9373,6.6902,6.6990,6.8579,-0.1589,-2.3170,101866.5600,78526.8600
212,000848.SZ,2019-11-18,6.7079,6.7520,6.6814,6.7343,6.6990,0.0353,0.5269,62915.3800,47854.0340
213,000848.SZ,2019-11-19,6.7079,6.7873,6.7079,6.7696,6.7343,0.0353,0.5242,51837.5800,39658.6710
214,000848.SZ,2019-11-20,6.7608,6.7696,6.6726,6.6814,6.7696,-0.0882,-1.3029,48776.7300,37110.3940
215,000848.SZ,2019-11-21,6.6814,6.7343,6.6461,6.6902,6.6814,0.0088,0.1317,41640.0900,31529.1880
216,000848.SZ,2019-11-22,6.7079,6.7520,6.6637,6.6902,6.6902,0.0000,0.0000,51072.8700,38790.1960
217,000848.SZ,2019-11-25,6.6814,6.7432,6.6637,6.7432,6.6902,0.0530,0.7922,43799.4900,33342.6070
218,000848.SZ,2019-11-26,6.7432,6.7520,6.6814,6.7343,6.7432,-0.0089,-0.1320,44331.1100,33740.8830
219,000848.SZ,2019-11-27,6.7343,6.7520,6.6814,6.6902,6.7343,-0.0441,-0.6549,39640.5000,30155.1610
220,000848.SZ,2019-11-28,6.6902,6.7167,6.6196,6.6372,6.6902,-0.0530,-0.7922,40645.3200,30662.9700
221,000848.SZ,2019-11-29,6.6372,6.6726,6.6108,6.6637,6.6372,0.0265,0.3993,36125.1800,27177.5320
222,000848.SZ,2019-12-02,6.6637,6.6902,6.6196,6.6372,6.6637,-0.0265,-0.3977,37725.8100,28410.3670
223,000848.SZ,2019-12-03,6.6196,6.6814,6.5755,6.6726,6.6372,0.0354,0.5334,42822.7400,32180.7240
224,000848.SZ,2019-12-04,6.6549,6.7255,6.6372,6.7167,6.6726,0.0441,0.6609,44899.8100,33990.5270
225,000848.SZ,2019-12-05,6.7167,6.7432,6.6902,6.7343,6.7167,0.0176,0.2620,50429.3700,38379.2180
226,000848.SZ,2019-12-06,6.7432,6.7608,6.7079,6.7432,6.7343,0.0089,0.1322,38318.2500,29253.0720
227,000848.SZ,2019-12-09,6.7520,6.7873,6.7167,6.7696,6.7432,0.0264,0.3915,42495.8600,32549.3270
228,000848.SZ,2019-12-10,6.7608,6.7696,6.7255,6.7520,6.7696,-0.0176,-0.2600,34856.8600,26623.1880
229,000848.SZ,2019-12-11,6.7520,6.7520,6.6726,6.6814,6.7520,-0.0706,-1.0456,48841.5800,37054.3590
230,000848.SZ,2019-12-12,6.6814,6.7167,6.6726,6.6814,6.6814,0.0000,0.0000,31932.4700,24227.2460
231,000848.SZ,2019-12-13,6.6990,6.7696,6.6990,6.7520,6.6814,0.0706,1.0567,71066.9100,54252.6850
232,000848.SZ,2019-12-16,6.7873,6.8402,6.7608,6.8314,6.7520,0.0794,1.1759,63289.4600,48791.0200
233,000848.SZ,2019-12-17,6.8314,6.9197,6.7961,6.8756,6.8314,0.0442,0.6470,82421.3600,64121.7310
234,000848.SZ,2019-12-18,6.8844,6.9109,6.8402,6.8491,6.8756,-0.0265,-0.3854,54917.5000,42793.0680
235,000848.SZ,2019-12-19,6.8579,6.8844,6.8226,6.8491,6.8491,0.0000,0.0000,54262.7900,42096.9950
236,000848.SZ,2019-12-20,6.8491,6.8844,6.8049,6.8049,6.8491,-0.0442,-0.6453,59396.0900,46022.3770
237,000848.SZ,2019-12-23,6.8402,6.8402,6.6990,6.7079,6.8049,-0.0970,-1.4254,74918.5000,57461.3700
238,000848.SZ,2019-12-24,6.7343,6.7696,6.7167,6.7608,6.7079,0.0529,0.7886,33623.5600,25704.5330
239,000848.SZ,2019-12-25,6.7608,6.7785,6.7167,6.7255,6.7608,-0.0353,-0.5221,38785.7200,29629.7630
240,000848.SZ,2019-12-26,6.7255,6.7696,6.7255,6.7608,6.7255,0.0353,0.5249,43535.4700,33285.2110
241,000848.SZ,2019-12-27,6.7696,6.8402,6.7608,6.8138,6.7608,0.0530,0.7839,74782.8900,57721.4610
242,000848.SZ,2019-12-30,6.7873,7.0344,6.7873,6.9462,6.8138,0.1324,1.9431,135836.6900,106661.1430
243,000848.SZ,2019-12-31,6.9109,6.9638,6.8756,6.9462,6.9462,0.0000,0.0000,80696.5300,63330.1090
244,000848.SZ,2020-01-02,6.9815,7.0521,6.9285,7.0432,6.9462,0.0970,1.3964,102447.8300,81433.2000
245,000848.SZ,2020-01-03,7.0432,7.1139,6.9991,7.0609,7.0432,0.0177,0.2513,93988.8200,75155.5950
246,000848.SZ,2020-01-06,6.9815,7.0609,6.8756,6.9726,7.0609,-0.0883,-1.2505,161975.0100,127949.7430
247,000848.SZ,2020-01-07,6.9550,7.0432,6.9285,7.0256,6.9726,0.0530,0.7601,82023.2400,64943.8530
248,000848.SZ,2020-01-08,7.0079,7.0168,6.8667,6.9197,7.0256,-0.1059,-1.5073,86913.9200,68387.7280
249,000848.SZ,2020-01-09,6.9373,6.9815,6.9020,6.9638,6.9197,0.0441,0.6373,66954.2600,52703.9860
250,000848.SZ,2020-01-10,6.9550,7.0344,6.9550,6.9991,6.9638,0.0353,0.5069,67440.3900,53407.4380
251,000848.SZ,2020-01-13,6.9726,7.1315,6.9726,7.0874,6.9991,0.0883,1.2616,101471.6800,81178.1670
252,000848.SZ,2020-01-14,7.0521,7.1139,7.0079,7.0432,7.0874,-0.0442,-0.6236,94129.8300,75287.3220
253,000848.SZ,2020-01-15,7.0344,7.0344,6.9285,6.9550,7.0432,-0.0882,-1.2523,68452.2000,53980.2260
254,000848.SZ,2020-01-16,6.9726,6.9815,6.8491,6.8844,6.9550,-0.0706,-1.0151,79200.9800,61899.3990
255,000848.SZ,2020-01-17,6.8844,6.9285,6.8491,6.8844,6.8844,0.0000,0.0000,54322.7300,42414.1020
256,000848.SZ,2020-01-20,6.8932,6.9109,6.7079,6.8049,6.8844,-0.0795,-1.1548,102241.2700,78493.7370
257,000848.SZ,2020-01-21,6.7873,6.8226,6.7167,6.7873,6.8049,-0.0176,-0.2586,70613.8900,54079.3590
258,000848.SZ,2020-01-22,6.7608,6.7785,6.6372,6.7079,6.7873,-0.0794,-1.1698,87941.8800,66631.5790
259,000848.SZ,2020-01-23,6.6726,6.6902,6.4872,6.5049,6.7079,-0.2030,-3.0263,130957.4500,97569.0980
260,000848.SZ,2020-02-03,5.8517,5.8517,5.8517,5.8517,6.5049,-0.6532,-10.0417,60851.0000,40344.2130
261,000848.SZ,2020-02-04,5.6487,5.8959,5.6487,5.8517,5.8517,0.0000,0.0000,125429.8300,82672.6630
262,000848.SZ,2020-02-05,5.8870,5.9312,5.7811,5.8959,5.8517,0.0442,0.7553,107438.5600,71467.6780
263,000848.SZ,2020-02-06,5.8782,6.0371,5.8341,6.0194,5.8959,0.1235,2.0947,90286.2800,60908.6630
264,000848.SZ,2020-02-07,5.9841,5.9841,5.8870,5.9576,6.0194,-0.0618,-1.0267,65834.3600,44209.7560
265,000848.SZ,2020-02-10,5.9312,6.0371,5.8959,6.0106,5.9576,0.0530,0.8896,73422.0400,49720.4570
266,000848.SZ,2020-02-11,6.0194,6.0724,5.9753,6.0194,6.0106,0.0088,0.1464,70887.1400,48431.5630
267,000848.SZ,2020-02-12,6.0106,6.0547,5.9576,6.0282,6.0194,0.0088,0.1462,71203.9600,48366.4390
268,000848.SZ,2020-02-13,6.0106,6.0282,5.9135,5.9312,6.0282,-0.0970,-1.6091,63653.2300,43006.7360
269,000848.SZ,2020-02-14,5.9223,5.9665,5.8959,5.9312,5.9312,0.0000,0.0000,66328.8900,44564.8720
270,000848.SZ,2020-02-17,5.9400,6.0900,5.9400,6.0812,5.9312,0.1500,2.5290,110686.7800,75612.2760
271,000848.SZ,2020-02-18,6.0812,6.1165,6.0106,6.0812,6.0812,0.0000,0.0000,83989.2400,57649.5330
272,000848.SZ,2020-02-19,6.0635,6.1518,6.0547,6.1165,6.0812,0.0353,0.5805,95345.5800,65876.3270
273,000848.SZ,2020-02-20,6.1165,6.2489,6.0900,6.2312,6.1165,0.1147,1.8753,112953.7100,79203.3880
274,000848.SZ,2020-02-21,6.2224,6.2665,6.1959,6.2312,6.2312,0.0000,0.0000,78528.1200,55463.7630
275,000848.SZ,2020-02-24,6.2401,6.2401,6.0989,6.1342,6.2312,-0.0970,-1.5567,118080.3300,82221.1950
276,000848.SZ,2020-02-25,6.0459,6.0459,5.8870,6.0106,6.1342,-0.1236,-2.0149,115437.2300,78180.6600
277,000848.SZ,2020-02-26,5.9576,6.0724,5.9312,6.0106,6.0106,0.0000,0.0000,85913.1800,58533.4380
278,000848.SZ,2020-02-27,6.0459,6.1518,6.0282,6.1342,6.0106,0.1236,2.0564,91550.7000,63315.6720
279,000848.SZ,2020-02-28,6.0371,6.0547,5.8870,5.9312,6.1342,-0.2030,-3.3093,109054.0200,73660.3210
280,000848.SZ,2020-03-02,5.9135,6.0724,5.9135,6.0459,5.9312,0.1147,1.9338,97502.1400,66503.8460
281,000848.SZ,2020-03-03,6.0812,6.0989,6.0106,6.0547,6.0459,0.0088,0.1456,99026.4600,67994.3700
282,000848.SZ,2020-03-04,6.0106,6.1253,6.0018,6.1165,6.0547,0.0618,1.0207,78264.7700,53765.0840
283,000848.SZ,2020-03-05,6.1518,6.3901,6.1430,6.2930,6.1165,0.1765,2.8856,204282.1600,145657.7110
284,000848.SZ,2020-03-06,6.2401,6.3460,6.2136,6.2577,6.2930,-0.0353,-0.5609,87096.1300,61752.3600
285,000848.SZ,2020-03-09,6.1871,6.2136,6.0194,6.0371,6.2577,-0.2206,-3.5253,101466.2800,70080.5210
286,000848.SZ,2020-03-10,5.9665,6.1342,5.9135,6.0900,6.0371,0.0529,0.8762,95534.0800,65294.9630
287,000848.SZ,2020-03-11,6.0989,6.1165,6.0371,6.0635,6.0900,-0.0265,-0.4351,86937.5300,59842.5380
288,000848.SZ,2020-03-12,6.0194,6.0194,5.8782,5.9223,6.0635,-0.1412,-2.3287,91644.0300,61651.6830
289,000848.SZ,2020-03-13,5.7370,5.9135,5.6840,5.8870,5.9223,-0.0353,-0.5961,101034.3900,66086.9880
290,000848.SZ,2020-03-16,5.8870,5.9047,5.7017,5.7370,5.8870,-0.1500,-2.5480,91134.1500,59992.7850
291,000848.SZ,2020-03-17,5.7282,5.8164,5.6134,5.7458,5.7370,0.0088,0.1534,110832.5700,71693.3200
292,000848.SZ,2020-03-18,5.7546,5.8694,5.6929,5.7193,5.7458,-0.0265,-0.4612,90454.2300,59178.2160
293,000848.SZ,2020-03-19,5.6929,5.8076,5.6399,5.7017,5.7193,-0.0176,-0.3077,103105.1400,66643.4320
294,000848.SZ,2020-03-20,5.7458,5.8076,5.6929,5.7811,5.7017,0.0794,1.3926,69011.0100,44870.5300
295,000848.SZ,2020-03-23,5.7105,5.7193,5.6222,5.6399,5.7811,-0.1412,-2.4424,55956.4600,35907.7790
296,000848.SZ,2020-03-24,5.7105,5.8517,5.6840,5.8252,5.6399,0.1853,3.2855,100431.6900,65800.2510
297,000848.SZ,2020-03-25,5.9135,5.9576,5.8252,5.8870,5.8252,0.0618,1.0609,107483.1600,71840.4260
298,000848.SZ,2020-03-26,5.8694,6.0282,5.8341,5.9753,5.8870,0.0883,1.4999,109975.0800,74099.9150
299,000848.SZ,2020-03-27,6.0018,6.0547,5.8782,5.8782,5.9753,-0.0971,-1.6250,107653.1200,72938.1310
300,000848.SZ,2020-03-30,5.9841,6.0900,5.9135,6.0635,5.8782,0.1853,3.1523,232536.9900,158542.6830
301,000848.SZ,2020-03-31,6.0547,6.2842,6.0106,6.2401,6.0635,0.1766,2.9125,217777.6200,152615.9130
302,000848.SZ,2020-04-01,6.2842,6.3107,6.0900,6.1518,6.2401,-0.0883,-1.4150,173767.8300,121711.3970
303,000848.SZ,2020-04-02,6.1077,6.1783,6.0282,6.1253,6.1518,-0.0265,-0.4308,111445.8300,77058.0740
304,000848.SZ,2020-04-03,6.1253,6.2048,6.0459,6.0900,6.1253,-0.0353,-0.5763,102585.4500,71380.5170
305,000848.SZ,2020-04-07,6.1606,6.3636,6.1430,6.3195,6.0900,0.2295,3.7685,174436.2600,124164.6770
306,000848.SZ,2020-04-08,6.2930,6.3636,6.2136,6.3283,6.3195,0.0088,0.1393,121296.9200,86504.9970
307,000848.SZ,2020-04-09,6.3283,6.3548,6.2136,6.2401,6.3283,-0.0882,-1.3937,106202.2300,75315.9410
308,000848.SZ,2020-04-10,6.2489,6.2930,6.0547,6.0812,6.2401,-0.1589,-2.5464,105781.3500,73836.6040
309,000848.SZ,2020-04-13,6.0812,6.1518,6.0547,6.0900,6.0812,0.0088,0.1447,52411.4900,36290.8780
310,000848.SZ,2020-04-14,6.1430,6.2842,6.1253,6.2754,6.0900,0.1854,3.0443,104578.9600,73876.0190
311,000848.SZ,2020-04-15,6.2489,6.2842,6.1871,6.2312,6.2754,-0.0442,-0.7043,72291.9100,50998.9640
312,000848.SZ,2020-04-16,6.1959,6.2312,6.0900,6.1165,6.2312,-0.1147,-1.8407,88715.5000,61724.4120
313,000848.SZ,2020-04-17,6.1342,6.2224,6.1342,6.1695,6.1165,0.0530,0.8665,65616.9800,45924.4240
314,000848.SZ,2020-04-20,6.1606,6.2312,6.1342,6.1783,6.1695,0.0088,0.1426,60850.1900,42563.2220
315,000848.SZ,2020-04-21,6.1783,6.1871,6.0194,6.0724,6.1783,-0.1059,-1.7141,78330.3600,53879.1240
316,000848.SZ,2020-04-22,6.0900,6.6814,6.0900,6.6814,6.0724,0.6090,10.0290,381868.8700,281406.1270
317,000848.SZ,2020-04-23,6.6196,6.6814,6.4519,6.5225,6.6814,-0.1589,-2.3782,323747.4100,241229.7920
318,000848.SZ,2020-04-24,6.5402,6.5843,6.2401,6.2577,6.5225,-0.2648,-4.0598,203215.7700,146975.4450
319,000848.SZ,2020-04-27,6.3107,6.3813,6.2224,6.3107,6.2577,0.0530,0.8470,226726.0500,161991.3840
320,000848.SZ,2020-04-28,6.2842,6.3195,5.9312,6.0900,6.3107,-0.2207,-3.4972,252178.1900,173701.5670
321,000848.SZ,2020-04-29,6.1000,6.1600,6.0000,6.0300,6.0900,-0.0600,-0.9852,146063.6900,88670.5270
322,000848.SZ,2020-04-30,6.0700,6.1200,6.0100,6.0800,6.0300,0.0500,0.8292,146273.7700,88932.0660
323,000848.SZ,2020-05-06,6.0500,6.3500,6.0200,6.2500,6.0800,0.1700,2.7961,248211.8500,154809.0690
324,000848.SZ,2020-05-07,6.2100,6.2900,6.1600,6.2800,6.2500,0.0300,0.4800,199597.2500,124229.3740
325,000848.SZ,2020-05-08,6.2700,6.4100,6.2100,6.3300,6.2800,0.0500,0.7962,183742.3900,116221.7260
326,000848.SZ,2020-05-11,6.3300,6.4000,6.2200,6.2600,6.3300,-0.0700,-1.1058,156852.1400,98626.5450
327,000848.SZ,2020-05-12,6.2700,6.3200,6.2000,6.2800,6.2600,0.0200,0.3195,106905.4100,66882.2470
328,000848.SZ,2020-05-13,6.2600,6.5800,6.1800,6.4800,6.2800,0.2000,3.1847,284099.9600,182068.1110
329,000848.SZ,2020-05-14,6.4600,6.5900,6.3900,6.4800,6.4800,0.0000,0.0000,222574.7100,144218.5380
330,000848.SZ,2020-05-15,6.4700,6.5000,6.3300,6.3300,6.4800,-0.1500,-2.3148,192288.5200,122930.4430
331,000848.SZ,2020-05-18,6.5900,6.9600,6.5800,6.9600,6.3300,0.6300,9.9526,458907.7800,314600.3460
332,000848.SZ,2020-05-19,7.1000,7.5800,6.9200,7.3100,6.9600,0.3500,5.0287,792277.5700,570720.7840
333,000848.SZ,2020-05-20,7.3000,7.5100,7.2200,7.3800,7.3100,0.0700,0.9576,542228.0000,400668.6600
334,000848.SZ,2020-05-21,7.4000,7.5100,7.2600,7.2900,7.3800,-0.0900,-1.2195,339575.8200,250152.4190
335,000848.SZ,2020-05-22,7.3300,7.4500,7.2200,7.3000,7.2900,0.0100,0.1372,296275.8800,217707.4290
336,000848.SZ,2020-05-25,7.3600,7.4200,7.1600,7.3500,7.3000,0.0500,0.6849,300902.3100,219768.6500
337,000848.SZ,2020-05-26,7.2900,7.4200,7.2200,7.3500,7.3500,0.0000,0.0000,239108.8300,175064.4060
338,000848.SZ,2020-05-27,7.3000,7.9200,7.2800,7.6000,7.3500,0.2500,3.4014,529638.8700,405029.3000
339,000848.SZ,2020-05-28,7.5800,7.6600,7.2300,7.3300,7.6000,-0.2700,-3.5526,363695.0400,268922.3970
340,000848.SZ,2020-05-29,7.3000,7.4200,7.2200,7.3100,7.3300,-0.0200,-0.2729,277103.1400,202584.6990
341,000848.SZ,2020-06-01,7.3400,7.5300,7.3100,7.3700,7.3100,0.0600,0.8208,283663.8300,209625.9910
342,000848.SZ,2020-06-02,7.3700,7.4300,7.2100,7.2600,7.3700,-0.1100,-1.4925,246482.5800,179517.9110
343,000848.SZ,2020-06-03,7.2500,7.3200,7.1100,7.2000,7.2600,-0.0600,-0.8264,255887.7100,184146.4910
344,000848.SZ,2020-06-04,7.1800,7.4800,7.1300,7.4000,7.2000,0.2000,2.7778,320124.7200,234361.6340
345,000848.SZ,2020-06-05,7.3800,7.4200,7.1200,7.1700,7.4000,-0.2300,-3.1081,244967.3200,176391.5030
346,000848.SZ,2020-06-08,7.1700,7.2400,6.9900,7.0300,7.1700,-0.1400,-1.9526,244319.4900,173041.0140
347,000848.SZ,2020-06-09,7.0400,7.1500,6.9500,7.0900,7.0300,0.0600,0.8535,193144.5200,136072.9870
348,000848.SZ,2020-06-10,7.0500,7.0800,6.9800,7.0400,7.0900,-0.0500,-0.7052,124437.1400,87423.2970
349,000848.SZ,2020-06-11,7.0300,7.0300,6.8000,6.8600,7.0400,-0.1800,-2.5568,207827.6900,143795.1470
350,000848.SZ,2020-06-12,6.7400,6.8900,6.7000,6.8300,6.8600,-0.0300,-0.4373,151165.3100,102965.0940
351,000848.SZ,2020-06-15,6.8000,7.0400,6.7600,6.9500,6.8300,0.1200,1.7570,203359.7300,141156.3530
352,000848.SZ,2020-06-16,6.9600,7.0200,6.9100,7.0000,6.9500,0.0500,0.7194,145488.3100,101451.1250
353,000848.SZ,2020-06-17,7.0100,7.0200,6.9100,6.9600,7.0000,-0.0400,-0.5714,113970.7300,79272.9420
354,000848.SZ,2020-06-18,6.9600,7.0000,6.8800,6.9000,6.9600,-0.0600,-0.8621,96164.6900,66494.3490
355,000848.SZ,2020-06-19,6.9100,6.9800,6.8500,6.9300,6.9000,0.0300,0.4348,117626.0200,81708.8680
356,000848.SZ,2020-06-22,6.9900,7.0500,6.9300,6.9300,6.9300,0.0000,0.0000,141516.9400,98735.9510
357,000848.SZ,2020-06-23,6.9900,7.2000,6.9600,7.0900,6.9300,0.1600,2.3088,223688.4200,159073.1850
358,000848.SZ,2020-06-24,7.0600,7.0600,6.8500,6.9100,7.0900,-0.1800,-2.5388,232371.8700,160849.2480
359,000848.SZ,2020-06-29,6.8900,6.9600,6.7900,6.9400,6.9100,0.0300,0.4342,126049.8300,86780.3580
360,000848.SZ,2020-06-30,6.9300,7.0400,6.9000,7.0000,6.9400,0.0600,0.8646,136272.2600,94966.6890
361,000848.SZ,2020-07-01,7.0000,7.3500,6.9800,7.2300,7.0000,0.2300,3.2857,301721.7400,217236.4250
362,000848.SZ,2020-07-02,7.2400,7.5600,7.2300,7.4600,7.2300,0.2300,3.1812,357574.8900,265791.7830
363,000848.SZ,2020-07-03,7.4500,7.4600,7.2700,7.3900,7.4600,-0.0700,-0.9383,243721.5000,179266.4740
364,000848.SZ,2020-07-06,7.4100,7.5800,7.4100,7.5600,7.3900,0.1700,2.3004,422554.4800,316707.6440
365,000848.SZ,2020-07-07,7.6000,7.8200,7.5200,7.5600,7.5600,0.0000,0.0000,388947.8400,297743.9420
366,000848.SZ,2020-07-08,7.5500,7.7700,7.5200,7.6800,7.5600,0.1200,1.5873,258596.1900,197886.8820
367,000848.SZ,2020-07-09,7.6700,7.7500,7.6000,7.7100,7.6800,0.0300,0.3906,298173.2900,228900.1380
368,000848.SZ,2020-07-10,7.7000,7.9100,7.6000,7.6300,7.7100,-0.0800,-1.0376,327618.5000,253670.3890
369,000848.SZ,2020-07-13,7.7200,8.3900,7.7100,8.3900,7.6300,0.7600,9.9607,426647.0400,347584.4260
370,000848.SZ,2020-07-14,8.6700,8.9800,8.3000,8.7900,8.3900,0.4000,4.7676,688816.8000,590061.8790
371,000848.SZ,2020-07-15,8.8800,9.0700,8.4900,8.5400,8.7900,-0.2500,-2.8441,501776.6400,439683.4550
372,000848.SZ,2020-07-16,8.5600,8.5900,7.6900,8.0500,8.5400,-0.4900,-5.7377,469977.6100,389956.0080
373,000848.SZ,2020-07-17,8.1200,8.7200,8.1200,8.4200,8.0500,0.3700,4.5963,416907.1100,352633.6500
374,000848.SZ,2020-07-20,8.3900,9.1000,8.3900,9.0000,8.4200,0.5800,6.8884,457351.5300,405136.5470
375,000848.SZ,2020-07-21,9.4000,9.4400,8.8100,9.0900,9.0000,0.0900,1.0000,557822.0000,508770.2210
376,000848.SZ,2020-07-22,8.8800,9.1300,8.7400,8.9000,9.0900,-0.1900,-2.0902,346347.8500,310621.7680
377,000848.SZ,2020-07-23,8.8500,9.0300,8.6500,8.8200,8.9000,-0.0800,-0.8989,311735.1700,275295.8800
378,000848.SZ,2020-07-24,8.8100,8.8900,8.2800,8.3000,8.8200,-0.5200,-5.8957,299597.5500,256373.4620
379,000848.SZ,2020-07-27,8.3100,8.5100,8.1600,8.3200,8.3000,0.0200,0.2410,172619.4300,143556.8270
380,000848.SZ,2020-07-28,8.3600,8.5500,8.2500,8.4300,8.3200,0.1100,1.3221,224003.7000,187663.8050
381,000848.SZ,2020-07-29,8.3400,8.5900,8.2400,8.5200,8.4300,0.0900,1.0676,303466.9400,254663.7260
382,000848.SZ,2020-07-30,8.4900,8.5100,8.3100,8.3200,8.5200,-0.2000,-2.3474,212699.0700,178180.8830
383,000848.SZ,2020-07-31,8.2900,8.4200,8.1000,8.2500,8.3200,-0.0700,-0.8413,247311.6400,204091.8990
384,000848.SZ,2020-08-03,8.3500,8.5400,8.3200,8.4800,8.2500,0.2300,2.7879,259419.5200,219194.0350
385,000848.SZ,2020-08-04,8.4900,8.8000,8.4600,8.5300,8.4800,0.0500,0.5896,326411.6300,281340.6180
386,000848.SZ,2020-08-05,8.5100,8.8900,8.3300,8.7100,8.5300,0.1800,2.1102,320615.5000,276338.3590
387,000848.SZ,2020-08-06,8.7100,8.8400,8.5400,8.6200,8.7100,-0.0900,-1.0333,206451.9700,178906.1720
388,000848.SZ,2020-08-07,8.4900,8.5500,8.2300,8.3400,8.6200,-0.2800,-3.2483,179659.8900,150421.9280
389,000848.SZ,2020-08-10,8.2000,8.3500,8.2000,8.3000,8.3400,-0.0400,-0.4796,136523.5300,112894.7410
390,000848.SZ,2020-08-11,8.2000,8.3800,8.1000,8.1600,8.3000,-0.1400,-1.6867,134296.7700,111038.5040
391,000848.SZ,2020-08-12,8.1700,8.2300,7.9100,8.0400,8.1600,-0.1200,-1.4706,134934.5500,108175.8250
392,000848.SZ,2020-08-13,8.0700,8.2300,8.0500,8.1300,8.0400,0.0900,1.1194,90323.5700,73527.7810
393,000848.SZ,2020-08-14,8.0900,8.1700,7.9500,8.1200,8.1300,-0.0100,-0.1230,111276.1300,89648.9510
394,000848.SZ,2020-08-17,8.0500,8.1200,7.8500,8.0900,8.1200,-0.0300,-0.3695,244995.7500,195789.9030
395,000848.SZ,2020-08-18,8.0700,8.3400,8.0300,8.1700,8.0900,0.0800,0.9889,183567.6700,150368.1610
396,000848.SZ,2020-08-19,8.1700,8.3600,8.1200,8.1500,8.1700,-0.0200,-0.2448,188034.8400,154503.7220
397,000848.SZ,2020-08-20,8.0600,8.0700,7.9400,7.9800,8.1500,-0.1700,-2.0859,138270.1300,110578.3830
398,000848.SZ,2020-08-21,8.0300,8.4000,8.0000,8.2500,7.9800,0.2700,3.3835,254164.5600,209204.9710
399,000848.SZ,2020-08-24,8.2700,8.6500,8.2700,8.4800,8.2500,0.2300,2.7879,290436.1700,246001.8590
400,000848.SZ,2020-08-25,8.4000,8.6200,8.3400,8.4200,8.4800,-0.0600,-0.7075,189717.7500,160587.5730
401,000848.SZ,2020-08-26,8.4300,8.5700,8.1600,8.2300,8.4200,-0.1900,-2.2565,190480.1500,158761.3340
402,000848.SZ,2020-08-27,8.1900,8.3300,8.1000,8.2400,8.2300,0.0100,0.1215,107672.9800,88277.6630
403,000848.SZ,2020-08-28,8.2000,8.4900,8.1600,8.4900,8.2400,0.2500,3.0340,193770.3400,162220.2360
404,000848.SZ,2020-08-31,8.4300,8.6400,8.3900,8.4900,8.4900,0.0000,0.0000,258403.7600,220426.6510
405,000848.SZ,2020-09-01,8.4600,8.5500,8.1000,8.2000,8.4900,-0.2900,-3.4158,257769.9900,212093.1410
406,000848.SZ,2020-09-02,8.2300,8.8900,8.1900,8.5900,8.2000,0.3900,4.7561,436061.8400,375640.6790
407,000848.SZ,2020-09-03,8.6000,9.0200,8.4100,8.9100,8.5900,0.3200,3.7253,536045.7500,470069.0760
408,000848.SZ,2020-09-04,8.7000,8.7300,8.4000,8.5400,8.9100,-0.3700,-4.1526,329854.0700,280843.8590
409,000848.SZ,2020-09-07,8.5000,8.6100,8.2000,8.2000,8.5400,-0.3400,-3.9813,258131.5900,215009.7510
410,000848.SZ,2020-09-08,8.2200,8.3100,8.0500,8.2600,8.2000,0.0600,0.7317,165450.3500,134968.7700
411,000848.SZ,2020-09-09,8.1600,8.1600,7.7200,7.8300,8.2600,-0.4300,-5.2058,239155.3100,190738.0320
412,000848.SZ,2020-09-10,7.9200,7.9600,7.5300,7.5500,7.8300,-0.2800,-3.5760,161138.4200,124373.9530
413,000848.SZ,2020-09-11,7.5500,7.7000,7.5200,7.6200,7.5500,0.0700,0.9272,101844.8200,77598.8240
414,000848.SZ,2020-09-14,7.6200,7.7700,7.5900,7.6400,7.6200,0.0200,0.2625,89531.8400,68628.7810
415,000848.SZ,2020-09-15,7.6800,7.7100,7.5900,7.6600,7.6400,0.0200,0.2618,66028.5600,50522.9690
416,000848.SZ,2020-09-16,7.6800,7.6800,7.4500,7.4800,7.6600,-0.1800,-2.3499,100693.2000,75875.6500
417,000848.SZ,2020-09-17,7.4700,7.5500,7.3600,7.5100,7.4800,0.0300,0.4011,88723.0400,65973.4030
418,000848.SZ,2020-09-18,7.5100,7.6500,7.4700,7.6300,7.5100,0.1200,1.5979,80923.4500,61308.8740
419,000848.SZ,2020-09-21,7.6600,7.6700,7.5700,7.6000,7.6300,-0.0300,-0.3932,58971.4300,44861.3190
420,000848.SZ,2020-09-22,7.5000,7.6400,7.4700,7.4900,7.6000,-0.1100,-1.4474,67953.2600,51235.4430
421,000848.SZ,2020-09-23,7.5100,7.5300,7.4000,7.4100,7.4900,-0.0800,-1.0681,60997.8800,45451.7880
422,000848.SZ,2020-09-24,7.3800,7.4000,7.1500,7.1500,7.4100,-0.2600,-3.5088,107323.0600,77662.2230
423,000848.SZ,2020-09-25,7.1800,7.2200,7.0800,7.1900,7.1500,0.0400,0.5594,50197.4400,35904.5280
424,000848.SZ,2020-09-28,7.1900,7.3200,7.1800,7.2700,7.1900,0.0800,1.1127,48847.9400,35391.0130
425,000848.SZ,2020-09-29,7.3000,7.3300,7.2500,7.2600,7.2700,-0.0100,-0.1376,38082.9700,27768.6320
426,000848.SZ,2020-09-30,7.2500,7.2900,7.1300,7.1600,7.2600,-0.1000,-1.3774,44076.0500,31748.6170
427,000848.SZ,2020-10-09,7.2500,7.4500,7.2500,7.4300,7.1600,0.2700,3.7709,88015.2700,64987.6200
428,000848.SZ,2020-10-12,7.4300,7.5600,7.4300,7.5400,7.4300,0.1100,1.4805,85442.0500,64225.4590
429,000848.SZ,2020-10-13,7.5400,7.5600,7.4000,7.4700,7.5400,-0.0700,-0.9284,63237.7700,47111.2830
430,000848.SZ,2020-10-14,7.4700,7.4700,7.3600,7.3700,7.4700,-0.1000,-1.3387,60003.1500,44372.7330
431,000848.SZ,2020-10-15,7.3500,7.3800,7.3000,7.3200,7.3700,-0.0500,-0.6784,46767.4200,34313.6250
432,000848.SZ,2020-10-16,7.3600,7.3700,7.2500,7.3000,7.3200,-0.0200,-0.2732,43460.6300,31755.5280
433,000848.SZ,2020-10-19,7.3000,7.4000,7.2100,7.2300,7.3000,-0.0700,-0.9589,62089.4200,45367.9610
434,000848.SZ,2020-10-20,7.2300,7.3400,7.1900,7.3200,7.2300,0.0900,1.2448,54989.8400,40038.1850
435,000848.SZ,2020-10-21,7.3200,7.3300,7.1900,7.2500,7.3200,-0.0700,-0.9563,53133.7600,38491.5240
436,000848.SZ,2020-10-22,7.2400,7.2500,7.1800,7.2100,7.2500,-0.0400,-0.5517,44493.0300,32114.1730
437,000848.SZ,2020-10-23,7.1900,7.2800,7.1600,7.1800,7.2100,-0.0300,-0.4161,40950.6200,29576.2980
438,000848.SZ,2020-10-26,7.1300,7.2100,7.0500,7.2100,7.1800,0.0300,0.4178,57850.4600,41219.6190
439,000848.SZ,2020-10-27,7.1600,7.2300,7.0900,7.1300,7.2100,-0.0800,-1.1096,36264.0200,25914.6480
440,000848.SZ,2020-10-28,7.0900,7.1900,7.0800,7.1700,7.1300,0.0400,0.5610,45662.4200,32642.2400
441,000848.SZ,2020-10-29,7.1300,7.1900,7.0900,7.1500,7.1700,-0.0200,-0.2789,59614.0200,42550.1600
442,000848.SZ,2020-10-30,7.1500,7.1700,6.8500,6.8600,7.1500,-0.2900,-4.0559,112358.9200,78751.1220
443,000848.SZ,2020-11-02,6.8500,6.9400,6.8500,6.9000,6.8600,0.0400,0.5831,61049.6000,42113.2070
444,000848.SZ,2020-11-03,6.9200,7.0600,6.9100,7.0000,6.9000,0.1000,1.4493,60159.3000,42093.0310
445,000848.SZ,2020-11-04,7.0000,7.0400,6.9000,6.9700,7.0000,-0.0300,-0.4286,48656.4500,33901.9540
446,000848.SZ,2020-11-05,6.9800,7.1700,6.9800,7.1400,6.9700,0.1700,2.4390,77510.6400,54973.9570
447,000848.SZ,2020-11-06,7.1700,7.1800,7.0500,7.1000,7.1400,-0.0400,-0.5602,55776.4700,39564.5390
448,000848.SZ,2020-11-09,7.1300,7.2100,7.0600,7.1100,7.1000,0.0100,0.1408,168893.6900,120372.2780
449,000848.SZ,2020-11-10,7.1200,7.1600,7.0500,7.0900,7.1100,-0.0200,-0.2813,81036.1200,57457.5960
450,000848.SZ,2020-11-11,7.0900,7.2900,7.0500,7.2000,7.0900,0.1100,1.5515,153465.6000,110588.4020
451,000848.SZ,2020-11-12,7.1800,7.4800,7.1100,7.4700,7.2000,0.2700,3.7500,223630.6400,164620.9240
452,000848.SZ,2020-11-13,7.3500,7.4000,7.1800,7.2700,7.4700,-0.2000,-2.6774,139791.7400,101503.0010
453,000848.SZ,2020-11-16,7.2800,7.3400,7.2100,7.3100,7.2700,0.0400,0.5502,87922.9900,64036.3360
454,000848.SZ,2020-11-17,7.3100,7.4500,7.2500,7.3600,7.3100,0.0500,0.6840,109224.1300,80227.1550
455,000848.SZ,2020-11-18,7.3600,7.4100,7.2700,7.2800,7.3600,-0.0800,-1.0870,81744.6700,59754.7340
456,000848.SZ,2020-11-19,7.2800,7.3600,7.2200,7.3100,7.2800,0.0300,0.4121,80383.5800,58796.6270
457,000848.SZ,2020-11-20,7.3000,7.6600,7.2800,7.5700,7.3100,0.2600,3.5568,238250.0200,179100.3160
458,000848.SZ,2020-11-23,7.5700,7.7700,7.5000,7.6400,7.5700,0.0700,0.9247,254755.9100,194005.0060
459,000848.SZ,2020-11-24,7.6200,7.6300,7.4900,7.5200,7.6400,-0.1200,-1.5707,109553.1700,82522.4100
460,000848.SZ,2020-11-25,7.5300,7.5500,7.2700,7.2700,7.5200,-0.2500,-3.3245,145123.8300,107049.5960
461,000848.SZ,2020-11-26,7.3000,7.3800,7.2600,7.3400,7.2700,0.0700,0.9629,77630.4500,56854.8170
462,000848.SZ,2020-11-27,7.3100,7.3700,7.2500,7.3500,7.3400,0.0100,0.1362,56798.6700,41556.5920
463,000848.SZ,2020-11-30,7.3500,7.3800,7.2400,7.2500,7.3500,-0.1000,-1.3605,97772.6600,71464.1150
464,000848.SZ,2020-12-01,7.2400,7.3400,7.2300,7.2900,7.2500,0.0400,0.5517,121359.9200,88315.5480
465,000848.SZ,2020-12-02,7.3200,7.4100,7.2700,7.3100,7.2900,0.0200,0.2743,117962.5700,86482.9310
466,000848.SZ,2020-12-03,7.3100,7.3200,7.1100,7.1700,7.3100,-0.1400,-1.9152,141176.0200,101393.2350
467,000848.SZ,2020-12-04,7.2000,7.2600,7.1500,7.2600,7.1700,0.0900,1.2552,91045.5000,65640.8640
468,000848.SZ,2020-12-07,7.2400,7.3000,7.1500,7.1600,7.2600,-0.1000,-1.3774,101384.8500,73034.6190
469,000848.SZ,2020-12-08,7.1600,7.2900,7.0800,7.2600,7.1600,0.1000,1.3966,125604.0700,90436.9250
470,000848.SZ,2020-12-09,7.2200,7.2900,7.0300,7.0400,7.2600,-0.2200,-3.0303,136093.5200,97415.5580
471,000848.SZ,2020-12-10,7.0300,7.2400,6.9900,7.1000,7.0400,0.0600,0.8523,137312.4900,98086.0930
472,000848.SZ,2020-12-11,7.0500,7.0900,6.7900,6.9700,7.1000,-0.1300,-1.8310,258988.9500,178536.2940
473,000848.SZ,2020-12-14,6.9200,6.9200,6.8000,6.8600,6.9700,-0.1100,-1.5782,120352.3800,82239.5570
474,000848.SZ,2020-12-15,6.8500,6.8500,6.7100,6.7700,6.8600,-0.0900,-1.3120,87574.3600,59160.6440
475,000848.SZ,2020-12-16,6.7600,7.4500,6.7400,7.4500,6.7700,0.6800,10.0443,470178.6500,340848.2680
476,000848.SZ,2020-12-17,7.5800,7.6800,7.4000,7.4500,7.4500,0.0000,0.0000,667953.2200,502787.5890
477,000848.SZ,2020-12-18,7.4100,7.5200,7.2800,7.3000,7.4500,-0.1500,-2.0134,370976.7500,273316.6330
478,000848.SZ,2020-12-21,7.3400,7.5200,7.2800,7.3900,7.3000,0.0900,1.2329,307484.1600,227861.3170
479,000848.SZ,2020-12-22,7.3800,7.8700,7.3400,7.6700,7.3900,0.2800,3.7889,568435.7200,434870.9840
480,000848.SZ,2020-12-23,7.5500,8.0300,7.4300,7.7800,7.6700,0.1100,1.4342,669317.3200,517281.5200
481,000848.SZ,2020-12-24,7.6200,7.6400,7.3300,7.4500,7.7800,-0.3300,-4.2416,366270.4000,273862.4170
482,000848.SZ,2020-12-25,7.4200,7.4500,7.2900,7.4000,7.4500,-0.0500,-0.6711,204005.3500,150332.0680
483,000848.SZ,2020-12-28,7.3400,7.3800,7.0000,7.1700,7.4000,-0.2300,-3.1081,275149.6900,197604.0970
484,000848.SZ,2020-12-29,7.1700,7.2400,7.0200,7.0400,7.1700,-0.1300,-1.8131,182491.5700,129594.8990
485,000848.SZ,2020-12-30,7.0200,7.2200,7.0100,7.1100,7.0400,0.0700,0.9943,195445.1800,139184.2520
486,000848.SZ,2020-12-31,7.1100,7.1700,7.0600,7.1000,7.1100,-0.0100,-0.1406,175646.4800,124804.9620
487,000848.SZ,2021-01-04,7.0700,7.3500,7.0600,7.3100,7.1000,0.2100,2.9577,240437.8500,173523.3690
488,000848.SZ,2021-01-05,7.2700,7.7400,7.2300,7.6500,7.3100,0.3400,4.6512,447700.5100,338827.6480
489,000848.SZ,2021-01-06,7.5600,7.7700,7.4800,7.5600,7.6500,-0.0900,-1.1765,313230.8000,237941.4740
490,000848.SZ,2021-01-07,7.5300,7.5700,7.2600,7.3200,7.5600,-0.2400,-3.1746,213845.6700,157451.9960
491,000848.SZ,2021-01-08,7.3600,7.4100,7.0800,7.1500,7.3200,-0.1700,-2.3224,217470.8800,156439.5230
492,000848.SZ,2021-01-11,7.1000,7.1300,6.8500,6.8800,7.1500,-0.2700,-3.7762,240929.7700,167422.7370
493,000848.SZ,2021-01-12,6.8800,7.0000,6.8700,6.9500,6.8800,0.0700,1.0174,138721.4700,96232.7450
494,000848.SZ,2021-01-13,6.9600,7.0200,6.8300,6.8700,6.9500,-0.0800,-1.1511,153339.5100,105399.2380
495,000848.SZ,2021-01-14,6.8500,6.9600,6.8100,6.8900,6.8700,0.0200,0.2911,90652.8700,62511.7500
496,000848.SZ,2021-01-15,6.8500,6.9300,6.8300,6.9100,6.8900,0.0200,0.2903,100081.8700,68779.2610
497,000848.SZ,2021-01-18,6.8900,6.9400,6.8500,6.9200,6.9100,0.0100,0.1447,87584.9200,60458.1200
498,000848.SZ,2021-01-19,6.9300,6.9700,6.8400,6.8500,6.9200,-0.0700,-1.0116,118027.5600,81189.7470
499,000848.SZ,2021-01-20,6.8500,6.8800,6.7600,6.7800,6.8500,-0.0700,-1.0219,113796.9900,77236.2070
500,000848.SZ,2021-01-21,6.7700,6.8100,6.7200,6.7600,6.7800,-0.0200,-0.2950,136587.3900,92373.1930
501,000848.SZ,2021-01-22,6.7600,6.7700,6.5100,6.5700,6.7600,-0.1900,-2.8107,217787.1200,143797.3030
502,000848.SZ,2021-01-25,6.5300,6.5300,6.3700,6.3700,6.5700,-0.2000,-3.0441,196218.2700,125961.6010
503,000848.SZ,2021-01-26,6.3600,6.6500,6.2500,6.5600,6.3700,0.1900,2.9827,220661.7300,142564.6660
504,000848.SZ,2021-01-27,6.5000,6.5100,6.3500,6.4600,6.5600,-0.1000,-1.5244,106480.3000,68505.5060
505,000848.SZ,2021-01-28,6.4400,6.5100,6.3700,6.3900,6.4600,-0.0700,-1.0836,63219.2900,40660.2730
506,000848.SZ,2021-01-29,6.4200,6.4800,6.2900,6.3500,6.3900,-0.0400,-0.6260,73959.3100,47159.8780
